student_id,quiz_time,video_time,notes_time,true_cluster,cluster,pc1,pc2
student_0,24.4405994097654,21.59451092344692,15.837123876600414,0,0,0.07122923275997754,-0.10056577980429662
student_1,57.07360699364568,8.591576842195144,27.712800217929825,2,2,2.5065427044662743,0.3083358487772044
student_2,27.14309917122929,15.379585811264477,7.162352961919196,0,0,-0.20845543003946707,-1.1013765996413585
student_3,34.75184841198452,14.93584439832788,15.942741997785822,0,0,0.6792814649352894,-0.38603322572997334
student_4,26.48328099146296,9.301896719618805,13.111575117227249,0,0,0.37148966281614837,-0.8255056785721527
student_5,11.793161400737825,45.64493820379854,5.2218451794197325,1,1,-1.9116869849570657,-0.02957490329552141
student_6,8.199238449682266,57.57951856837311,5.582068002524364,1,1,-2.4168603551669126,0.48229684893392466
student_7,8.093320779176082,49.89202220209653,2.8845781420881997,1,1,-2.3470413451521517,-0.052280671421643755
student_8,28.852747730840218,21.946744566280618,11.204642658232077,0,0,-0.09115035681103235,-0.5000201770386508
student_9,13.275976793073012,39.37451160881256,5.393722471738247,1,1,-1.6367851780040208,-0.2660968450501944
student_10,51.53046821237704,12.645283116845832,19.954573285674464,2,2,1.6436418314439951,-0.1834416488094705
student_11,22.083528932315563,17.696806145201062,18.171366678656742,0,0,0.27198061410059177,-0.04519386936933053
student_12,24.347238476592167,20.67214441314011,16.746368384139117,0,0,0.1599230399143992,-0.05817082136032428
student_13,56.2142392171535,7.482347430332084,23.453938120743928,2,2,2.224175233274271,-0.09970007216264229
student_14,39.44292697316762,13.298940927354462,24.111339393646723,2,2,1.458105089991155,0.238881073829777
student_15,27.948083456568497,24.062629111970992,19.06872008571247,0,0,0.33635913771303927,0.26397980213788336
student_16,42.735190864391626,9.772588764915444,29.864817668778937,2,2,2.0852421392343516,0.5857152534843975
student_17,12.386786391687824,49.71339168712039,8.129287311628012,1,1,-1.8289010853966452,0.3792045543859605
student_18,8.804084829954396,49.51308730020203,2.1624990828171944,1,1,-2.357061621910029,-0.13168245594931818
student_19,13.127474852018263,48.24262489729991,5.7142251430234925,1,1,-1.915833765467391,0.11082128773364663
student_20,7.63222501390624,55.94969027016981,4.575677156576747,1,1,-2.4514367699633635,0.3332308644350511
student_21,27.865656029801382,24.57701058851037,15.986253328979052,0,0,0.10797990096268383,0.01875531936728118
student_22,59.60303493484844,10.526659881864498,23.45355726777711,2,2,2.2474348623059295,0.009278972123637472
student_23,33.365627513869875,18.03945923433921,10.609455155603644,0,0,0.16470477766676012,-0.7193106795250696
student_24,31.41376766705571,11.036553831666298,23.022417742098533,2,0,1.1645624906402354,0.08145470801412336
student_25,28.55431571765029,19.193571441669956,16.212152570443614,0,0,0.3277931074374486,-0.17570552567808942
student_26,7.170829574598213,61.231669909274345,4.96289839097672,1,1,-2.6180969037048207,0.5758339729944201
student_27,21.632476890048885,20.301151049705133,22.38972633745586,0,0,0.4536408287293391,0.4223102173237609
student_28,32.388770497167634,18.704856776305547,13.275872377159802,0,0,0.2867429633152685,-0.4601902835144049
student_29,8.73550533898035,59.14258251612016,6.503866065373549,1,1,-2.3869063543231066,0.6215419380520063
student_30,25.99086078325153,26.92007859466339,19.215615917634565,0,0,0.179167212974027,0.39523714311325997
student_31,14.17697726047571,42.075709398954494,3.867404540794456,1,1,-1.7966793727992436,-0.2942747748090749
student_32,38.53302476839231,24.367947078176897,15.027433037220412,0,0,0.4425062434935554,-0.10590854449643608
student_33,28.172303515837285,14.688481431369476,16.420777291905544,0,0,0.47781918156911163,-0.3337152119870536
student_34,11.861644647885203,48.712500985095495,4.223471202046772,1,1,-2.078734353258575,0.004805104186015164
student_35,25.57243813085576,24.067586086848348,11.307407050698137,0,0,-0.27546207803511435,-0.3973502608081655
student_36,59.54720567091974,17.617488148807997,23.377545210855533,2,2,2.0041791582612123,0.28181482156967946
student_37,48.55893298033146,10.77964838274527,28.90911435888655,2,2,2.2013481245884,0.5244966454501233
student_38,36.49698407132244,15.664269219752232,16.852922536533434,0,0,0.7806984707544239,-0.28444830228885754
student_39,36.08535398490055,21.465362366493405,12.856945745920896,0,0,0.3024981413175013,-0.39942936091727504
student_40,30.87416505995736,13.915725538203803,18.1480421769626,0,0,0.7195955264546028,-0.22377295833683844
student_41,36.625528307571,15.126591648863393,17.361253811227357,0,0,0.8376646948271766,-0.26218477046005284
student_42,33.849886799653966,26.34194761201951,16.273458732169352,0,0,0.2887166461091455,0.09398145941225367
student_43,12.821606754886028,48.03689507197704,3.492527671285021,1,1,-2.070311410477816,-0.08781941480109892
student_44,34.39336774095448,18.802027459030956,18.628145912059903,0,0,0.7187850051963611,-0.0013346426545423934
student_45,11.613880011075988,47.88274533409635,10.440338333179238,1,1,-1.6402688071192282,0.508865595289323
student_46,25.184921869669367,24.88590000406537,15.125940193410068,0,0,-0.05901314922008443,-0.0347656722787923
student_47,29.31364091451092,18.882686073370746,17.142001482276275,0,0,0.42888228866075545,-0.11018307940528832
student_48,29.379338055591703,23.70170408973869,13.642613302965993,0,0,0.0344777225387154,-0.2224975634202047
student_49,33.88524897451804,17.767425239664895,17.569196382970418,0,0,0.663008047863529,-0.13170519553255763
student_50,33.55054620181977,20.462394357755485,16.890224815803023,0,0,0.5151121425499995,-0.08317031425675527
student_51,38.81468736151614,20.29104359223,11.571089106508133,0,0,0.3551151537937635,-0.5651097683541462
student_52,56.10713010362317,13.198595632293214,20.204959517866108,2,2,1.8104598067878077,-0.15458936796875372
student_53,36.91002302085972,22.5751763360433,16.541357852736628,0,0,0.5447654533859395,-0.04077993490477704
student_54,50.16752270126086,12.615741966437175,32.18678164166764,2,2,2.4207920681270174,0.874168016273975
student_55,10.021919118221897,57.63201410794562,6.302782502611596,1,1,-2.3028868672490854,0.5407165098343445
student_56,41.93204239837989,5.497694820378478,25.825113990546694,2,2,1.9251378982782845,0.07187477812588271
student_57,25.72035541085316,31.573292833367542,9.398204422224756,0,0,-0.6488696623427609,-0.2671676429858368
student_58,27.92734097305054,20.400993562704077,12.32063917911233,0,0,0.0016615829379681927,-0.4616874529578516
student_59,8.995548257815798,44.27757032592025,6.359195497869352,1,1,-1.8922291959315791,0.02354504877189906
student_60,17.16710787217739,64.74731006656427,7.726870981903408,1,1,-2.18077799247222,0.9207200497141717
student_61,55.801361843234126,3.924572240027178,25.93227157384714,2,2,2.494848602742877,-0.024694191037628526
student_62,46.88850879046572,4.992602922728405,21.140904611216225,2,2,1.8078255730820918,-0.36748493748126415
student_63,38.30650865304077,17.62527344419522,13.040012302278864,0,0,0.5244004299312948,-0.5417301309533522
student_64,12.836145070262702,60.131254842983,5.754592530920818,1,1,-2.3196177304075745,0.5828526328327613
student_65,14.95405295943847,37.845040272367896,4.031531854267497,1,1,-1.6161650445725075,-0.448997402228926
student_66,28.813040193966653,29.36002840236152,14.941673577301357,0,0,-0.08697448852456442,0.11384437905773959
student_67,7.2022250303167565,47.97945478885472,2.504433636070301,1,1,-2.3418208471684614,-0.15745707195722083
student_68,37.71533825929542,26.616319035756185,14.614763560380876,0,0,0.3097036781839038,-0.050454319294264215
student_69,8.603005686236362,59.30531001723968,5.020466122039174,1,1,-2.4974018204194555,0.5004886256553868
student_70,9.392627422505347,50.487172856937285,6.294325393574088,1,1,-2.0887369848564696,0.26094461334912483
student_71,10.378284483472086,62.68813452916282,2.524369002346302,1,1,-2.7133429155058737,0.41275473668710155
student_72,12.060545538297912,50.56777932511797,5.878654280206868,1,1,-2.021376044062929,0.21983283189431738
student_73,49.240514780055406,10.842975603205096,21.88650240089703,2,2,1.7499252130174499,-0.08054241322011119
student_74,34.42495233593333,17.67735125677516,13.133288505281165,0,0,0.3862077517681315,-0.5193467736049562
student_75,8.93353407725092,57.196799003466005,5.614599041753219,1,1,-2.3749147063603764,0.4677214225990923
student_76,45.59209399914421,12.630263949856976,27.75868505232537,2,2,1.9529077550632656,0.50751536506627
student_77,45.02910429450761,9.937295218107556,25.58663691654391,2,2,1.875132381549988,0.21613562740514095
student_78,26.65398635909393,25.809686588733875,19.658579327517977,0,0,0.270445955949448,0.38764533853584
student_79,46.92337487168006,13.916436421462986,25.1050192081638,2,2,1.7797946675163459,0.32513488673973095
student_80,28.803876010651223,24.26987355533928,14.186878613134372,0,0,0.03116283224605624,-0.1514090544156472
student_81,45.70833721964136,10.290987894978157,27.97578512718457,2,2,2.049727456377873,0.43384852294552706
student_82,4.623864699594355,46.42581190568074,7.409845843557148,1,1,-2.053562385125732,0.21246022017665553
student_83,41.623376715505344,11.872359451156466,28.1417275463214,2,2,1.8580492183455959,0.5232936119850601
student_84,26.50426710954041,19.955914768770963,8.72994675410916,0,0,-0.2784139790109741,-0.7842158211864686
student_85,62.39302061596703,7.523508409622465,23.393070791735035,2,2,2.4459427038427846,-0.1228983173265542
student_86,33.06920670737712,26.78940394049994,13.70008977929232,0,0,0.07127436678346485,-0.10777803200250177
student_87,51.42675909269227,8.586885083145031,26.16024968678818,2,2,2.194137541397833,0.19220208300730124
student_88,35.77177169204462,17.613091347123397,13.007317670086731,0,0,0.429372346115062,-0.5369993009102311
student_89,36.80055683124085,21.554537827990025,19.426068650848656,0,0,0.7695827729184245,0.16809198164914216
student_90,9.093027273771076,49.96349736807763,3.635314797759692,1,1,-2.2619398795714414,0.012080182048805364
student_91,29.759022572320934,21.613592801690448,12.518307169343032,0,0,0.042011800203777976,-0.4027528914386068
student_92,53.44880538660284,10.26661901839523,17.771950137639585,2,2,1.6459490197897269,-0.4712293031263769
student_93,44.09104160537582,10.67227744543125,25.06296200390897,2,2,1.7807877382141837,0.2028742538771751
student_94,32.368136938637825,20.271752889692856,21.827283892701608,0,0,0.8114730536746848,0.33866604362934283
student_95,11.218680055149784,67.22545966009245,3.465304874223901,1,1,-2.7699296255588965,0.6696762341658382
student_96,9.66720419311147,57.81047301184882,2.0943010818552783,1,1,-2.6061601468870386,0.186075240379709
student_97,33.92003205457084,9.380521378450965,13.422734934957717,0,0,0.66340746943583,-0.8191448377019598
student_98,4.261880448807343,52.89981167044242,6.142695020653576,1,1,-2.3680050111721767,0.3590234632532136
student_99,34.85261910006605,13.398833964896788,20.49437629756306,0,0,1.04162401959084,-0.05444420349976677
student_100,49.484722189456654,9.153336433038367,26.47738762211592,2,2,2.1252759681139293,0.24797233102052035
student_101,24.513270657166707,19.42730077373691,18.713448935920383,0,0,0.34035055973385503,0.061906980353326445
student_102,9.674114007733433,49.55612033361861,5.518778617999388,1,1,-2.0997763556913998,0.15657635175964896
student_103,52.1164380323215,10.01573109915455,25.23490296882371,2,2,2.109426297392073,0.16645224585915266
student_104,47.80883404248492,5.202629582387552,18.157049422290715,2,2,1.633120438610645,-0.619356384922408
student_105,11.606475429925611,37.72708663411503,7.555353643797018,1,1,-1.4973219921503966,-0.13926958789116173
student_106,31.211668430415564,30.23699460565119,15.344584404641688,0,0,-0.0007343484422551079,0.17547397182083713
student_107,60.85883998313079,16.18224377464596,33.77670421221602,2,2,2.8026726077040207,1.1176464703834061
student_108,42.85731726916492,9.19271668621315,32.445225869422394,2,2,2.283347357435831,0.7849589585632888
student_109,34.38912584240057,25.29212243424794,9.723781540730656,0,0,-0.0989353607083288,-0.5136231618241994
student_110,34.430317801230764,19.314610894790736,15.600403257520268,0,0,0.49855286672865956,-0.24229057001455
student_111,34.803939203087126,14.885846636713875,18.099492708925546,2,0,0.828551909254195,-0.20224615765356743
student_112,49.89697218955544,12.38921628908898,23.593074467244566,2,2,1.8378718335644062,0.12531024342996414
student_113,38.34714762663495,3.79767369988037,24.55439980243606,2,2,1.764048434797951,-0.09317901440039958
student_114,9.631266080345634,49.39757076195902,2.797496190305776,1,1,-2.279898430013699,-0.08410742217149206
student_115,32.43836637461647,19.68660451363414,17.865426961503715,0,0,0.5659104635851073,-0.026097187096068657
student_116,8.659949587927999,46.19462921625118,3.369001853423023,1,1,-2.170384607422546,-0.15775023904926383
student_117,27.20487253383072,19.464848200227213,11.89427303274188,0,0,-0.02254529987098947,-0.5329757013783756
student_118,30.28737001512149,8.58598754979601,14.69415146256043,0,0,0.6421384824462375,-0.7292911476865933
student_119,50.2949385721935,7.900823476022243,26.06989955367111,2,2,2.169247438751429,0.16101285199798204
student_120,55.95947985220357,8.138908832393344,21.31793913871177,2,2,2.048658932145937,-0.25719770757200083
student_121,32.897522007749274,18.62474151424178,8.094236505793246,0,0,-0.041901722617709185,-0.9116262007955253
student_122,8.120427451934368,32.46295955006417,6.702804184757658,1,1,-1.5078725057404725,-0.4087803260680864
student_123,43.08444907942421,19.236642425365712,30.597874557172883,2,2,1.8325289782778431,1.0200610670822783
student_124,37.618937050969045,7.716264715682604,12.568482459062343,0,0,0.7971505361587969,-0.9699618548816228
student_125,25.477290581064644,16.767135578787368,11.755355989156817,0,0,-0.0056558065117452835,-0.6455910957615898
student_126,31.09111366265548,24.5528206118554,18.165992989639243,0,0,0.37465734881411716,0.1954880915394842
student_127,11.96090278400597,50.61894646118095,3.2774315973434724,1,1,-2.2024587366602857,-0.0020725044324384737
student_128,8.678486323379424,62.65630546371024,4.223861620405172,1,1,-2.659998191161481,0.5633882063510649
student_129,26.65799015848366,24.63088773765821,20.72824992141039,0,0,0.3820947789517735,0.43347460053137604
student_130,30.138454658081063,20.63682739268578,13.915731481719067,0,0,0.18288241049467183,-0.32191253337431175
student_131,28.807533163079707,16.746787154390866,13.538623848705912,0,0,0.23796567735676627,-0.5032162221136331
student_132,25.857081144906324,17.27415400334078,7.491721435013353,0,0,-0.29657873498935416,-0.9943895693540116
student_133,54.79249541088618,9.283155859400772,20.46218168979201,2,2,1.9098371244757086,-0.2822624923396726
student_134,51.6612706933182,10.820732209415883,21.379991016978504,2,2,1.8054835230308222,-0.13274757227916187
student_135,8.402259093338786,50.7946584434338,6.502774246743578,1,1,-2.1213176787656844,0.29414506992294787
student_136,12.799036421165049,43.90612067417744,3.87088599346085,1,1,-1.9080615010283521,-0.21761263258638167
student_137,6.993859829113797,36.9796604969347,5.096169893322764,1,1,-1.8082057550266744,-0.36604855317232965
student_138,22.37854733415004,23.98868157289317,11.582574814230352,0,0,-0.37171553524489664,-0.366617427883926
student_139,10.803227997109785,44.78531113758272,5.094797342632828,1,1,-1.9280592398295033,-0.07120404141625858
student_140,26.99015660551808,23.8012554731768,18.318987314485327,0,0,0.2591841945207503,0.19210366668542966
student_141,12.314914447904007,30.22684399898169,3.406209489059046,1,1,-1.5018460990467593,-0.7941981474587378
student_142,30.84864642195187,20.44696959572825,16.464132238136248,0,0,0.387469615150079,-0.11194970627580782
student_143,61.06093866552641,11.012807986225608,22.940615169387662,2,2,2.2502206695523936,-0.020433718668136674
student_144,28.407607446748305,18.404714894668285,16.630449458891334,0,0,0.37691617475782524,-0.17021132537923922
student_145,13.104762781241796,56.96899762745354,4.347952935664318,1,1,-2.2994799679373576,0.33636047580522105
student_146,28.749386994627443,26.505262165811494,12.970760938547883,0,0,-0.12741135486134286,-0.16814258066461646
student_147,18.84835046187056,20.09209189594776,20.02931193682585,0,0,0.19875571863191813,0.21943021900612517
student_148,28.804106669849155,24.115524878725036,17.677232459445634,0,0,0.27208581835962364,0.1433984938029948
student_149,10.286861337668178,38.17131003376127,7.287508086413858,1,1,-1.5787383221628504,-0.14070590728334534
student_150,32.54689058168053,26.236635276158623,17.89776602387877,0,0,0.35402293122228423,0.2339865103500376
student_151,50.57438409806959,8.621917301379268,20.75077815267604,2,2,1.7962080254147998,-0.2700336032197577
student_152,37.54885656229812,22.01017240023461,13.957419798681135,0,0,0.4125243264860452,-0.2877708373843549
student_153,55.80397079209688,9.190375194119886,20.106181421088465,2,2,1.9260789585365934,-0.3198039676345941
student_154,47.00814440285368,8.342062679958984,29.81925159357681,2,2,2.286944139343745,0.5119849183723718
student_155,12.920672342560373,53.307479225789606,8.753591625116131,1,1,-1.886747361479844,0.572700818115204
student_156,24.70807298576474,17.435428125142924,15.51178261074259,0,0,0.19755369446590265,-0.29305226374711396
student_157,12.506696195049711,55.23492525083246,4.8888306581790895,1,1,-2.2272088828979495,0.3166719013858652
student_158,30.90265420902716,33.21785791699276,14.391461340989542,0,0,-0.1757225693640182,0.21154016659923944
student_159,50.32840804465181,10.328184383814678,28.62883311949346,2,2,2.2625245853935216,0.4769730491630666
student_160,10.650583110948816,53.536933322507785,5.5004878651472975,1,1,-2.1976274805353495,0.30848859828896275
student_161,6.580736715529882,62.74549301311518,3.9775686471376295,1,1,-2.7567578333990688,0.5523093864874861
student_162,49.36840635160653,12.343219802849358,37.69345550868744,2,2,2.772453973122239,1.3406722301482024
student_163,32.61976333553897,19.20996050710505,13.71935679015774,0,0,0.30838044173936724,-0.4028243585809354
student_164,55.96572542321188,3.0377878780656085,23.850602142768068,2,2,2.3897982583768496,-0.23954210393853761
student_165,33.140700067403344,18.32107650354936,20.007064575868178,0,0,0.7818718967612819,0.10258231627528595
student_166,24.372904961265554,19.25481666635235,14.980039636106287,0,0,0.08873588391056472,-0.2662645347465096
student_167,6.042564864394166,48.152523758330574,6.3924127296268365,1,1,-2.1275979989583864,0.18817947728949064
student_168,6.9484234883638285,54.13335446918498,3.40177885834947,1,1,-2.4954145807891575,0.16275901149055427
student_169,48.84825039365213,17.72007940974958,25.29609217007244,2,2,1.7368659973631941,0.48512218722226785
student_170,26.0872814738276,23.37140234373388,14.65546794155093,0,0,-0.0071853811190110296,-0.13775137266494344
student_171,30.775183117977598,19.836233648920008,13.369725686598706,0,0,0.1960709112250288,-0.40248733407484405
student_172,14.165746807120865,28.725189143605014,1.0,1,1,-1.5463224612318163,-1.0665494470406178
student_173,6.278079766937288,47.25849924735721,4.257118268008417,1,1,-2.2334128392404033,-0.031801226984403574
student_174,48.95085423266277,11.583294282794984,29.16611938810371,2,2,2.2063685135988966,0.5770206409204953
student_175,6.020382951670723,57.48542714517969,7.543110189988317,1,1,-2.3613941833347813,0.6545450156823148
student_176,26.47764948270235,16.35842425026057,15.296237332912003,0,0,0.28393230595210744,-0.3596007995301766
student_177,29.34827427006396,13.889360955540273,17.138995290517165,0,0,0.5961906622938631,-0.3069599724287226
student_178,34.069319540618025,15.297931127160489,15.70395601546526,0,0,0.6259939830398356,-0.3902131599193887
student_179,31.263777537689432,14.594683362000511,16.84780682083279,0,0,0.6234893977330824,-0.3103851512303376
student_180,21.651104139658,28.823434671313592,11.275496307152633,0,0,-0.5801720355323167,-0.2006137328524227
student_181,25.91847295472577,12.21685413238048,16.81802985403692,0,0,0.5040455925147731,-0.3895514273879189
student_182,13.740084209588762,32.64097850367313,1.4930611674986745,1,1,-1.6590356374687252,-0.8686736761581806
student_183,46.18554435528764,8.365242739573151,26.995680571760357,2,2,2.0651837504802524,0.27210146471873337
student_184,56.80275883120915,9.90712524809028,23.321424635567148,2,2,2.1561433705963386,-0.017610689834496276
student_185,36.73022103732359,21.53900884446029,9.869494822030124,0,0,0.12195939963170806,-0.6561026958878214
student_186,8.13143649069615,46.65485572792583,2.4231052404853504,1,1,-2.2690406449414993,-0.21951290603234802
student_187,30.504087111270263,20.979226275488408,12.064881667154904,0,0,0.05990462732289106,-0.46915171659527305
student_188,40.02787022819977,23.58795789896525,13.592556839415195,0,0,0.42652562767710833,-0.26501425030018433
student_189,32.63468706315895,21.28014867156938,17.948072951836544,0,0,0.5256615046611688,0.04308600012002261
student_190,6.988726325309888,54.082371116658585,4.683797019859603,1,1,-2.40563369066459,0.2711399595194893
student_191,34.03296623956843,16.875907111521606,15.0782731506325,0,0,0.5298576743582876,-0.38196554357880225
student_192,28.259934568515806,20.99279181448146,10.696905098523462,0,0,-0.1154925022306768,-0.5794339972623777
student_193,32.90511004932993,15.38383376944548,10.944946183151,0,0,0.2588410865551136,-0.7933883771206455
student_194,54.01776871441173,4.739278846273939,35.40657328382571,2,2,3.0421225705296377,0.8297153503263959
student_195,47.8681245305892,7.424926659456359,28.50154939704496,2,2,2.2600948862866788,0.3595962649388744
student_196,33.0378343216568,12.404100085069114,14.98399058749001,0,0,0.6357641524993474,-0.5628356703300869
student_197,8.02369352265593,59.194186610285406,3.593647149748225,1,1,-2.6113914825328197,0.3749562942578297
student_198,30.89922709364029,18.325738638119432,20.925082060892343,0,0,0.7612902849377234,0.18900119787007963
student_199,9.858206042112972,55.662015483643806,3.8750664482114647,1,1,-2.407316900642094,0.25447014326443845
student_200,42.38553345316767,12.788447522034309,16.1856653556448,2,0,1.0479415422519316,-0.4737369395186
student_201,35.72067601308209,19.62783285449977,16.862016292652033,0,0,0.6208060541156247,-0.1253022665036666
student_202,35.3228433901335,20.59802834443535,17.45009555314071,0,0,0.6135996202778211,-0.03518613064843789
student_203,11.855985879129795,56.67137723639123,5.918360158456873,1,1,-2.2294182237151143,0.46398317226957425
student_204,22.367240691511267,19.71047546331108,17.455454203915618,0,0,0.1670158120972606,-0.02860047000325976
student_205,30.66923827123,14.594717297958688,18.15945855999871,0,0,0.6902247300966786,-0.19543221283264997
student_206,57.903486062746,9.75875267887302,22.67274908797973,2,2,2.157748136242475,-0.08285104200093495
student_207,56.20562188798338,10.28836233082295,22.688623556474788,2,2,2.078742960586456,-0.055273164319892376
student_208,24.787575628864307,26.389634146190826,14.216918240259613,0,0,-0.18509452203786833,-0.05271962304227484
student_209,30.67492360409844,27.234889421768663,15.589664329534724,0,0,0.0960260531962766,0.08021551666512543
student_210,34.338825120854445,21.415161026976083,10.95160928572343,0,0,0.11122699120999327,-0.5601181086560805
student_211,32.9275173042929,20.41141994637712,18.196441125196053,0,0,0.5821306561205375,0.029397940983829966
student_212,58.5621966541402,7.949704629609631,22.450712112500128,2,2,2.227202883582989,-0.1752350029717899
student_213,2.546165262742557,46.43597982879383,7.906768954235401,1,1,-2.0967490977277747,0.26227728437800796
student_214,7.382108117886968,56.34926353584283,4.399279023822743,1,1,-2.485854226067612,0.3345338613753524
student_215,25.976065416698376,14.97929616623966,12.696607304687614,0,0,0.13579155194713607,-0.6363551631237665
student_216,20.3316084944622,13.963020841768127,11.788265760968498,0,0,-0.09933127311025094,-0.7367534171186698
student_217,54.77836265520003,12.952967195429752,23.93005577887245,2,2,2.021399468389373,0.1610726966476011
student_218,66.1680592878433,8.008309259360002,30.835514571918186,2,2,3.071387359515539,0.5257760502544082
student_219,14.863325673363146,44.89808012598947,3.9380060899963647,1,1,-1.860629275792558,-0.17934712929043423
student_220,32.77688408403454,16.88564751788358,13.512092861020587,0,0,0.3775393320261229,-0.5126136229015578
student_221,48.82319573062294,14.261512743969565,22.14626853125262,2,2,1.6383141647816992,0.07763718796121699
student_222,11.030855768605653,46.98757879182188,3.589578527340437,1,1,-2.0946837814729635,-0.11505533709484259
student_223,7.889139811220659,62.38004161064049,8.591755346191043,1,1,-2.384777816304882,0.9315478800120038
student_224,28.187324874503187,22.91900188078145,16.630497308368025,0,0,0.218528095798941,0.008056020237242417
student_225,13.250828961716412,48.5844221800476,3.4034055109230925,1,1,-2.078773570934652,-0.07532502109508737
student_226,34.420504182795895,15.246581042973364,12.477273605856436,0,0,0.42265501698647273,-0.6714954361579861
student_227,29.958609627249757,17.411943504819142,15.671363854916695,0,0,0.40222488686718283,-0.29684985859701224
student_228,25.63433819867941,7.389330273569465,31.028140389764182,2,2,1.6142164689998402,0.6464182127364858
student_229,31.715675255084367,23.40945744813156,20.540121977208106,0,0,0.5960670552473881,0.3531940703150878
student_230,31.20011368842523,21.527771601886293,17.798989927951705,0,0,0.4545848000050401,0.04451839245432332
student_231,52.95179446738582,12.461446543592093,27.53637015553649,2,2,2.2141929496064208,0.45840014197684764
student_232,13.025562474335745,62.25351040992732,3.701617350192641,1,1,-2.5219851899910677,0.48875684076065934
student_233,53.363934751875234,9.498645759049436,25.733568432166614,2,2,2.206207992022212,0.1851484251564531
student_234,26.552298394598168,22.474777587807623,16.254757664358003,0,0,0.14780106817580113,-0.036628397519718726
student_235,11.20123608771531,51.52879254415922,5.092873096312298,1,1,-2.138054708599171,0.19261836757295803
student_236,12.259912807232949,39.1980127044574,7.990267491034823,1,1,-1.4928805066308155,-0.04599072673469994
student_237,31.06815212214255,21.246918418553776,19.732359839290424,0,0,0.5896820802427919,0.20055179690910976
student_238,58.46287360874526,5.675517255809154,25.87772914945254,2,2,2.530759556745298,0.03104604267454647
student_239,32.042561741887134,25.36815874929886,11.920454101766818,0,0,-0.03938423075609968,-0.313839902128384
student_240,20.95020549509647,24.82507480531615,13.559604396912448,0,0,-0.3185439310504384,-0.15876843589594283
student_241,50.89461888156748,8.323234458185235,26.886059375322603,2,2,2.232372374405034,0.24608415963248345
student_242,49.08273115100703,3.894279278123488,28.66061803666536,2,2,2.433054341795265,0.23058649336210119
student_243,13.240207000966494,38.415888796670046,1.0,1,1,-1.9029854420464523,-0.6824427925293628
student_244,33.2431816736048,24.93654449628313,18.365559568280545,0,0,0.45451420962573047,0.22096846015070792
student_245,36.55271912346107,23.251005889793305,14.702472408661851,0,0,0.38490642617751947,-0.1715827619684325
student_246,6.318220657237427,63.281095627585934,6.795777077520683,1,1,-2.5938721621428233,0.8171467283832049
student_247,28.96716415784336,13.74230287904778,19.331293812219776,0,0,0.7351610184383811,-0.12255425780962094
student_248,53.53851267428044,9.91322534747539,26.348346786985356,2,2,2.240355343428917,0.25389842293916476
student_249,48.38960495082532,11.709301840696613,27.238542800086574,2,2,2.0513220881322565,0.41759155923380264
student_250,43.38941855719863,10.969737288726938,31.246008837437667,2,2,2.1627490058706407,0.7497948852166337
student_251,11.474213701058492,44.58886158352584,8.60188086582163,1,1,-1.6599348272266543,0.2212651449616552
student_252,26.29583796016149,19.928554843050154,10.225786057511137,0,0,-0.18412390148544744,-0.6556857938208795
student_253,53.95290743775309,8.66144970035566,15.552296345272346,2,2,1.56798943012931,-0.727305009829395
student_254,29.13482560651541,16.55920154949864,22.41683838681798,0,0,0.8559780853651433,0.2536985533407098
student_255,27.520669109963578,23.92900079325416,16.276372685354893,0,0,0.1364629249208025,0.019368314105413603
student_256,49.830761160313095,8.28698584108128,23.68339048693018,2,2,1.978108930991685,-0.028052147978703146
student_257,47.17697348618816,9.989192382728294,19.208176554037287,2,2,1.5215314975107614,-0.3384693701344459
student_258,11.574666335991852,64.25300072340293,3.247362664051637,1,1,-2.6725999246346546,0.532842342039165
student_259,30.18830116583969,14.991899950525422,14.156699121342136,0,0,0.38892404716340595,-0.5233365068731278
student_260,12.966648211927057,54.98647845323683,4.013074367271968,1,1,-2.2611789919793637,0.22994970019034558
student_261,27.775083393130704,26.99677718293001,17.773901048738306,0,0,0.14484681444273884,0.2683224259204657
student_262,39.05990062067436,21.789628643458844,16.17978945415103,0,0,0.6255640411011427,-0.10965649306489991
student_263,54.770115562501005,13.148658145958006,22.32382394219716,2,2,1.906079086097759,0.030333927609663275
student_264,30.57266683107732,24.75072735499416,14.406140620295009,0,0,0.09501993286257497,-0.11919638784655227
student_265,13.951834680193556,63.887710425322,5.395821566925296,1,1,-2.427878846801679,0.6961485568216239
student_266,24.84211876564921,17.3535088122689,16.856059643543716,0,0,0.2960179078927078,-0.18081816063302342
student_267,13.387973312618502,63.82034536080569,5.872647339348064,1,1,-2.4141644645410594,0.7363886307584189
student_268,24.36086389749347,22.82138694013368,13.493232851417629,0,0,-0.1308800241476805,-0.254105897925123
student_269,31.057974851901967,18.713117312883277,9.994247778367232,0,0,0.01584649548212591,-0.738536608528684
student_270,56.53015359030035,12.619475645857449,15.678342358454527,2,2,1.5395219714767663,-0.5689170000595536
student_271,25.49199626982214,21.12225909279986,18.141294907836464,0,0,0.2812691822037276,0.07615524427908622
student_272,9.68382422368802,64.24663370373314,1.7340954389160332,1,1,-2.8441535428271183,0.40813246603399345
student_273,8.281694726354422,61.81232279780717,7.760182708294903,1,1,-2.4076128894740663,0.8362896339685878
student_274,52.81137853844032,7.943169156754577,26.619000638029725,2,2,2.2974820018192745,0.20204228864202808
student_275,9.125530063019529,54.348801236755456,4.258771335827788,1,1,-2.364624953056666,0.23821321626579772
student_276,3.296720673057392,51.88159863083761,2.6888639037885653,1,1,-2.602913096051644,0.0242988661947252
student_277,31.59611671097773,13.526592621395473,18.48248036213556,0,0,0.7816947356054765,-0.21253620777205678
student_278,39.10870944657073,9.182812088500572,14.524212386600071,2,0,0.9352295947953545,-0.7484050701622721
student_279,51.779217245723416,5.330254304020746,22.85942419517044,2,2,2.092547125275471,-0.22155249162279017
student_280,7.484837526646344,54.16531536427368,6.694158019970069,1,1,-2.2543472506562154,0.44613056741436097
student_281,13.66750274466064,53.05548361785242,5.86008329438214,1,1,-2.0463488336444704,0.3109938311861487
student_282,9.090074614192154,53.03780949552099,4.346238440640697,1,1,-2.316374996354903,0.1942987468808687
student_283,27.245259427672863,23.6381477181849,15.155837657421898,0,0,0.06032375193514262,-0.08779345266517628
student_284,29.34542013615125,14.825225677339336,14.43001683845286,0,0,0.381935447167154,-0.5036619549515332
student_285,11.345170880847585,57.33062139761985,5.692976951795986,1,1,-2.2853778313086703,0.4721031489911731
student_286,3.6972434156442464,73.50202277734219,3.2577324719249665,1,1,-3.269541442145923,0.9224889063350622
student_287,32.01695011677039,25.540914083687586,11.880282218623408,0,0,-0.04879120722406907,-0.31042654442043266
student_288,31.38284576297464,16.746432313274553,18.21926203623094,0,0,0.6488754256145944,-0.10790138681121467
student_289,29.180195601990395,24.35033865344377,16.487045663917815,0,0,0.19770260040720047,0.04884564994118844
student_290,49.78378655099894,16.010221801546315,29.81482764557065,2,2,2.133442480255707,0.8044324471814263
student_291,10.922862266353157,58.84420746366387,7.37406061112076,1,1,-2.2377417754588627,0.677891006515127
student_292,24.552034508526734,28.15562926140936,12.685115032749366,0,0,-0.35602537447887106,-0.11455595866989297
student_293,10.889884959028526,49.48689322725606,5.657524820606961,1,1,-2.0433843958868665,0.16196295830383842
student_294,52.38420013369901,14.305544647570157,27.82201493946633,2,2,2.1512192355015576,0.5573573621579815
student_295,11.066651889023058,59.51576391139712,2.544784369726015,1,1,-2.5810318854460674,0.28755189995463665
student_296,55.05026391649552,11.906190796644692,31.44878264187687,2,2,2.574144426713627,0.767175299038819
student_297,28.693000375224383,19.13464087858065,15.046737142744403,0,0,0.25613104994046026,-0.2789252344332029
student_298,23.60988708281812,11.781296422059713,12.344509503000456,0,0,0.1314491383492691,-0.7850031077232952
student_299,14.657685446468925,44.88830601848398,2.353820413185004,1,1,-1.974880009190586,-0.3156420258416593
student_300,30.848468961760094,16.49942063397496,18.268994595049385,0,0,0.6408045559221055,-0.11163771679119348
student_301,14.6019343625487,57.85412389593275,4.350337232982755,1,1,-2.273722028724359,0.3666396171399817
student_302,8.637267174540213,49.84051683803352,2.6865115498961027,1,1,-2.3387003642240813,-0.0731034160162133
student_303,22.336020738688276,25.1128521600482,22.319257219017818,0,0,0.31456519013155465,0.6032712269184577
student_304,12.039919226550268,54.60374933995544,4.494628623998072,1,1,-2.2499920145978205,0.2593421429589546
student_305,52.74459170790608,7.7381062333999715,23.59662461566613,2,2,2.0976889094953504,-0.06635043654482285
student_306,7.388282151214732,42.12582099765997,6.941801463868619,1,1,-1.8403514008548103,-0.005778894651807119
student_307,8.147660162622707,57.346532848018505,1.858998792753646,1,1,-2.6624968195571914,0.15235568406448155
student_308,45.776735043448014,5.239564853214732,24.328659483212448,2,2,1.9740489401103134,-0.07945507029742646
student_309,9.52232836570987,50.84300404916768,2.331949010163591,1,1,-2.3634744313511953,-0.06703915830889484
student_310,51.12333344899192,7.188315853498532,31.98707351530186,2,2,2.623145151934637,0.640442133547716
student_311,9.77456749956995,51.00179602118326,4.141188917749494,1,1,-2.237268359511766,0.0943700107443782
student_312,58.44307376969414,11.151914657640589,23.58029094558733,2,2,2.192517628867069,0.04847165474648364
student_313,32.00596108163445,12.986973641001534,20.24873022956082,0,0,0.9340448441039397,-0.08280348576668053
student_314,48.07273743546199,12.254127961227836,28.735826121297908,2,2,2.122672250336738,0.5690959621387344
student_315,26.49584160566957,18.52525160853986,18.743226218021203,0,0,0.44531002372580736,0.02271308181625229
student_316,10.71843238511769,43.74385890473914,9.44539125827015,1,1,-1.6026201647241858,0.26313476754596027
student_317,23.81089527956442,23.16888440466049,16.241397292354495,0,0,0.022964297990108667,-0.0017950573983873095
student_318,36.12292218813072,28.116982811495227,10.389156119921038,0,0,-0.0842667071982916,-0.350643914658531
student_319,31.33875612182231,19.558589758243727,22.73912801296296,0,0,0.8589517923757567,0.39247862409406026
student_320,52.90179270065852,7.683087924020574,17.8219058589328,2,2,1.715215839643672,-0.566811310898193
student_321,36.60825502374682,11.706949237555826,33.14198311564269,2,2,2.016875749690725,0.9637096707050027
student_322,24.496103585816577,16.44350687619731,13.240307761311843,0,0,0.06934091880429756,-0.527205490306969
student_323,9.407394322909097,51.87028729432598,1.8882087075927452,1,1,-2.4318768598245337,-0.06451964510796145
student_324,53.23838434766772,16.35356784887767,19.136983715693415,2,2,1.527772391198107,-0.11346787037341582
student_325,6.299595696159683,63.38057909470163,5.838038018732091,1,1,-2.6625651380032442,0.7385587041419123
student_326,10.28930115638047,44.55290174368734,3.018615222724593,1,1,-2.0794711954694964,-0.2576912881689116
student_327,11.888240754660362,49.1101915092104,3.1921847170704205,1,1,-2.1606602275411118,-0.06853645705286525
student_328,59.198066322507295,6.35636953082078,22.330454493416,2,2,2.2955113232028497,-0.2502880398838824
student_329,22.964279868925416,26.06548849989592,15.425150740919712,0,0,-0.15974509646360574,0.04445882730787738
student_330,7.75246227811261,51.80274202951254,3.9450613527722873,1,1,-2.3515530128709288,0.11537240798586888
student_331,52.53173609796559,12.12432603006577,29.78351158397292,2,2,2.3617630599001282,0.6401809107715712
student_332,24.64702830882199,15.551269491067156,12.887136875426432,0,0,0.08073917713087474,-0.5932233319414438
student_333,48.32783476493382,4.49138388069011,27.53995663456272,2,2,2.3097097218255125,0.159859566400727
student_334,40.77871581603395,14.34273489673785,17.508971168986655,0,0,1.0264893549872105,-0.2934379575795827
student_335,10.093800631746024,50.65463486838052,4.8022206936177145,1,1,-2.1693164262627853,0.13668662333591364
student_336,32.84220503128077,22.997970566407467,13.47863081983023,0,0,0.17419006958078556,-0.27528219556595074
student_337,9.290935788733012,54.29207874856323,3.203064036417925,1,1,-2.427966883908072,0.14445291013637881
student_338,30.25267907797003,20.852486175202152,14.324560417949936,0,0,0.20752045458302368,-0.2785492361727306
student_339,51.383052454359856,9.924919123764568,29.08883149600144,2,2,2.3458120787424335,0.4974238465580844
student_340,8.04876089587002,54.237545063243545,1.0,1,1,-2.620655877737383,-0.043668759583159064
student_341,30.319783934554664,16.952438989203586,14.439086091043665,0,0,0.3475650768302936,-0.42229423581531134
student_342,32.5387883515575,20.26994209222897,9.592773277517349,0,0,-0.008640324781613107,-0.7165988800845158
student_343,8.060411436422687,42.485316849449966,4.7118248885567695,1,1,-1.9782360146115394,-0.18599828012066136
student_344,11.62033813504938,39.74001103102782,3.066965948130014,1,1,-1.867020207334831,-0.44704998038683785
student_345,32.08595232191282,18.93278564534896,19.47217841054985,0,0,0.6865823695910711,0.08387524077155835
student_346,27.181754862868285,17.94534421850408,13.898327352135022,0,0,0.16256706708737279,-0.41991506555985575
student_347,26.466216213909117,18.059115907293855,15.511248667126464,0,0,0.24141658594883392,-0.27413472375558223
student_348,5.397104120846625,57.29948199407333,5.9990539701908165,1,1,-2.4824293929403516,0.5161026758513462
student_349,16.866046206393015,39.06497041267663,4.550469196214633,1,1,-1.5514031276145315,-0.36233443499261053
student_350,36.03904654230501,18.41674985369386,17.63593052917813,0,0,0.7251132197294192,-0.10723370607487022
student_351,33.810992003961054,17.1174479963664,7.22687312356527,0,0,-0.016715448790622773,-1.0485769831990914
student_352,34.31550113085316,16.017799094702102,15.32653689062736,0,0,0.5855875341666215,-0.39521224006415984
student_353,24.406842859005963,19.923450754135025,16.737874498803265,0,0,0.18646695358243773,-0.08854101539264464
student_354,20.19920995853084,30.30279308308026,11.420820135269292,0,0,-0.6730052951486296,-0.12529845318257565
student_355,29.799557436717237,19.135269700382885,20.135125440427032,0,0,0.6405324978030469,0.15622968361678854
student_356,25.625898099619405,8.618132457039989,15.854669677716595,0,0,0.5480178611205925,-0.6132219646287164
student_357,51.44965703563066,7.99278178402025,30.19952343698038,2,2,2.4876144453761384,0.5169590919328232
student_358,5.202590540658962,46.746215335627326,4.82331468198181,1,1,-2.217666341170258,0.00026288583116985476
student_359,12.764048808959489,55.936762976074455,5.598585160812984,1,1,-2.1931648443242135,0.404646011422182
student_360,8.078519695692448,51.34716153980197,2.617419721424388,1,1,-2.4140769240697155,-0.018027058344852794
student_361,50.43879777820811,16.04016174257987,25.682676655413687,2,2,1.8774065897330583,0.4473310880950193
student_362,31.18480707856021,17.725898420557733,12.59252180036506,0,0,0.22889301894866065,-0.5537903474065432
student_363,36.49405662423526,26.00206953972213,13.029317163085812,0,0,0.17813768216680587,-0.20741751701051886
student_364,8.645771027198084,46.51157209880096,5.5650870522135865,1,1,-2.0331105902021203,0.04407077068998419
student_365,45.04503126279772,12.98814305741745,21.216024557152696,2,2,1.4789113740665891,-0.040672893733085705
student_366,6.242232962903513,45.98030010471507,5.562359124538906,1,1,-2.1040075077439107,0.03055132791477071
student_367,43.52065405157944,11.367663316244824,35.825011724505416,2,2,2.463642934027775,1.1597556977999204
student_368,37.27809345040559,28.996357875095,17.237403753181212,0,0,0.39154729582588416,0.270627130647523
student_369,11.780287519580828,47.08037816365692,3.3215806653219877,1,1,-2.0883133514207666,-0.13688111918755533
student_370,45.83656621811036,6.156106979569436,16.31135122474354,2,2,1.4041609927841594,-0.7347103137827602
student_371,4.156349460036511,48.22997101131382,4.446373400222159,1,1,-2.331005863322252,0.029445394963947952
student_372,40.6161277399732,12.7390006608229,26.520630853349047,2,2,1.6826451483952387,0.42082886621211735
student_373,51.861289358696936,9.498634858640765,26.412899752441497,2,2,2.196831874892981,0.24846788050123353
student_374,58.49612006408089,9.579871444173286,29.44299440165437,2,2,2.642834909323851,0.49185212606871875
student_375,12.203347100462963,51.44817246962965,2.406336104088307,1,1,-2.2799915803228146,-0.04531469620952884
student_376,49.33939774975233,9.742320250846625,29.063447128219977,2,2,2.2750128367727096,0.49452622418601
student_377,32.88955256895755,26.19141535716818,15.063814730208184,0,0,0.17669569639317567,-0.013172993143789554
student_378,66.10287059812879,13.226299189315114,15.504118060422662,2,2,1.8596256471136527,-0.5903868907361292
student_379,10.235288197055928,56.02673296883626,5.762316769765556,1,1,-2.2781052341177768,0.43030853300967664
student_380,8.132865415027592,53.82471997301965,4.4990639220161786,1,1,-2.367454531820793,0.2414570246595421
student_381,29.901882570947627,18.954883713569878,12.4484386373721,0,0,0.13106006002993914,-0.5138062495224838
student_382,51.82463983205285,5.798476119175171,28.599186454356957,2,2,2.4663547905614682,0.29150624126083713
student_383,37.23251967973289,25.983157433228257,13.170651287041853,0,0,0.21547446255382488,-0.19831692930585326
student_384,5.6504303035572825,41.149534550173264,4.091620883376969,1,1,-2.0642971196662137,-0.28437039560272326
student_385,44.25759322828513,15.180891553700215,23.001819071926988,2,2,1.497580967372544,0.2020121153088948
student_386,38.10805560137448,14.37158727986874,33.405461574652435,2,2,2.00112401589718,1.0864831520594331
student_387,26.24547225109943,12.371718427149526,18.787752310281547,0,0,0.6439727412868522,-0.2146994421472324
student_388,51.26781557147743,7.492713594937273,36.071257617311375,2,2,2.8942146521261476,1.004027205429269
student_389,28.51991386335051,27.710549762839378,21.018278664477368,0,0,0.36763809566238265,0.5737144349452331
student_390,14.89278754378882,57.65152278678097,3.750420906131895,1,1,-2.2968045290073738,0.3060345798669105
student_391,55.79495067173693,7.545403349733078,24.98312771294524,2,2,2.3099528259287108,0.035929146562542605
student_392,35.57951026682681,16.75367210962038,17.84347740851165,0,0,0.7775990202629364,-0.1533027061767024
student_393,12.04610335013178,40.86648708693196,4.612681081440564,1,1,-1.7844494242270095,-0.2708440872250946
student_394,25.78369697853129,19.32378552183984,16.44017874026005,0,0,0.23696075525798288,-0.1421515977937939
student_395,40.44176584465474,6.927439527012385,34.27046283167094,2,2,2.3932174122736973,0.8608483038634233
student_396,8.951163439666589,52.09330378157184,7.294818660383212,1,1,-2.0908608195982747,0.4117642867977148
student_397,28.47888059414093,29.422931529673043,19.629730584816567,0,0,0.21532293046995798,0.5215022335718781
student_398,22.945877509560624,14.127647366166416,13.416669407262182,0,0,0.10133804377322275,-0.5981847633118722
student_399,12.314316975747472,52.58534171347825,4.704794827402663,1,1,-2.158506279347332,0.19719772726882953
student_400,35.16481973576403,19.02527395785521,13.89350931122238,0,0,0.41989779350124495,-0.40313741530264807
student_401,52.812398977910014,6.490249492869136,10.638688933591752,2,0,1.266408471136584,-1.2326632490319838
student_402,31.02843187480342,18.107729740767702,6.386152011127617,0,0,-0.20881499903002212,-1.0732845949320673
student_403,48.87366564365565,8.193363818914658,27.34387128037512,2,2,2.1932929008444937,0.2868416868048662
student_404,11.185928387375451,45.412497427662096,5.706965811897334,1,1,-1.8935117481252068,0.0050244784745812066
student_405,30.607525057008576,19.49922961760024,14.388978749469102,0,0,0.2699754274780831,-0.3273492500881154
student_406,31.77511227210758,18.894434523557493,12.479155708028614,0,0,0.20404301831476537,-0.5194692188611348
student_407,43.54018867191217,14.478065706878564,23.64438199478716,2,2,1.537999594027337,0.23203028412087154
student_408,27.369609838940207,19.92990230871205,15.30493286306853,0,0,0.19842354541146603,-0.22119541222500538
student_409,6.606920825524171,55.89475117673947,4.437344885763573,1,1,-2.496661852079119,0.322392698176472
student_410,31.23538688903152,20.436655289577047,17.107219707453197,0,0,0.4454779527308113,-0.058144193479072404
student_411,30.483749474795584,12.187270715567289,13.412841967961116,0,0,0.44291390388047586,-0.6987127382027531
student_412,42.227203378927854,11.70116655216431,18.334213446731724,2,0,1.223452031995321,-0.33079111108869
student_413,66.90353699061042,5.154604552283471,30.823696772285857,2,2,3.1926446675769484,0.41017984242651706
student_414,27.86621441558823,17.29082506165679,16.89888525452948,0,0,0.41222090448056536,-0.18917041776978963
student_415,8.651271885324157,41.87342544817282,5.123359699695944,1,1,-1.908334206258371,-0.17646235693987586
student_416,47.93121131897416,10.456946540729872,26.897410285827537,2,2,2.053112461495512,0.34037646173710684
student_417,39.05752406296759,14.639304940071966,6.235948549516177,0,0,0.1918113893623376,-1.2480909358295278
student_418,27.758098904730588,30.050046446500005,20.3095872620309,0,0,0.21386021267236083,0.6070579883700066
student_419,6.896881516229206,50.16634966140327,3.543994117541731,1,1,-2.355634067688362,0.019143017048191
student_420,45.46931553408368,9.823354570291826,21.85757568051977,2,2,1.6432154352091546,-0.1111972018666141
student_421,33.01238604719741,17.58628238908984,12.140014175223865,0,0,0.2701904311820276,-0.6040781676338256
student_422,39.87710377207887,10.284981254068914,23.19763297897702,2,2,1.512692826033623,0.040190073956729716
student_423,11.53424650278986,57.06487821717728,4.844325605974396,1,1,-2.3269037152769965,0.38789509957214807
student_424,7.079659775801572,49.956820989107726,7.076777511469223,1,1,-2.1032939646312063,0.3148594778118626
student_425,32.527120466083495,20.56635205268882,10.6851660650479,0,0,0.054854392431457455,-0.6107352143055051
student_426,31.812854075132424,26.842109772363376,18.564437204120956,0,0,0.35190247694674304,0.31759640958876445
student_427,32.683718115062305,20.339277552637014,17.55832102536666,0,0,0.5324602524802728,-0.027675474879789635
student_428,34.912867318138886,23.281804349142742,17.501422017478095,0,0,0.5126400397033734,0.07610087646814698
student_429,47.00571019067274,8.995674003680378,22.98175768379001,2,2,1.803216932911984,-0.05171156415922103
student_430,31.48991118188726,23.80452371578454,14.401413980011776,0,0,0.15993696917267636,-0.15972715514005495
student_431,6.5104316168390834,50.19375565338206,7.824441110830858,1,1,-2.0816124157538525,0.3904329826650009
student_432,51.85539231388218,9.8649195315134,30.743667414647195,2,2,2.476967138703919,0.6362197991131545
student_433,37.16171015608751,19.064278674977256,17.957189987039587,0,0,0.7665474651847877,-0.05762601726655667
student_434,30.16362245770354,18.6654264399284,20.37876777399262,0,0,0.6860226740833725,0.1575984263872274
student_435,51.56768694662814,10.583152904732009,23.23416853594656,2,2,1.9352021248743365,0.018039783832772004
student_436,31.354872694230963,21.520964597767108,20.42362847639757,0,0,0.6377995357000495,0.27001254454237755
student_437,31.753925878774048,26.58557533669933,14.645794419026764,0,0,0.09356853683290989,-0.03010679917960361
student_438,9.726492641331438,32.079600811843974,4.003275215615107,1,1,-1.6183953925697707,-0.6616542283959064
student_439,34.96344269456396,24.203100132522763,16.640200704604137,0,0,0.4256522705310603,0.037939068460027536
student_440,27.17357611800459,17.946456704487915,13.011858684411209,0,0,0.10234762361614494,-0.4962617813891277
student_441,35.792282925822924,13.65147556247649,32.60658025961226,2,2,1.8859611318030367,0.9966269626989867
student_442,29.48488399301392,26.125661740839373,15.113851308871338,0,0,0.05704444818525055,-0.0006622898613799551
student_443,30.67772296079315,14.104801044200988,18.56303816538469,0,0,0.7341091636941329,-0.17993968421220033
student_444,8.793799766449988,54.19411742114535,3.981609519029072,1,1,-2.3903984148157584,0.209287350195147
student_445,12.332593722444832,51.011036636371294,8.87785799811657,1,1,-1.8235289113212236,0.4949470654669803
student_446,35.14341305348196,13.416255765889716,17.170831761686625,0,0,0.8272312853003627,-0.34117993912112127
student_447,12.002382344917937,53.2785492554281,4.517484690762915,1,1,-2.2057101095030442,0.20930571937388245
student_448,7.101062842704602,51.20108893097108,1.5902428917353526,1,1,-2.514550307595682,-0.10922261890345812
student_449,34.06106154726864,3.481991361957892,29.23710838575211,2,2,1.9332404978955309,0.3116435702802881
student_450,48.687261159615886,7.172303825670803,23.890695481023467,2,2,1.9871657087619556,-0.05040498754984827
student_451,52.95179127785112,11.539317394528249,23.70226661208041,2,2,1.985895863342386,0.09161726229324853
student_452,56.22063927485672,8.419733702035028,28.29690293093476,2,2,2.5203489594316,0.35462967722414546
student_453,28.06761641374013,21.836436567006704,20.51455103038537,0,0,0.5125367188301053,0.3006710353817186
student_454,20.57399973989441,18.518662782455596,10.18086898317246,0,0,-0.35066350625238996,-0.6968916257836563
student_455,33.89617017156804,24.75153795986788,20.13184011774577,0,0,0.6040032405983653,0.3638820749010149
student_456,55.14013272893048,8.052006064238817,25.4156123282834,2,2,2.2982181166118605,0.09521148242794267
student_457,46.73027615246457,10.210156489339544,30.809391513040957,2,2,2.2814165545153404,0.6716980167665582
student_458,31.737651880790374,25.81754383977493,15.795466581896662,0,0,0.1962004693429145,0.03884024850572754
student_459,54.49351374473086,10.56874484979623,30.005230462835705,2,2,2.5006809334588223,0.5918927320558527
student_460,4.569902790182263,44.496529065302575,7.94811210497616,1,1,-1.9549571352276875,0.1831447313625411
student_461,8.943960775439578,48.90041188297847,6.905749094405878,1,1,-2.011109974546253,0.25265848715729905
student_462,13.66540165755644,63.99665044217999,2.971162245664001,1,1,-2.6058278901013767,0.492327610391867
student_463,12.348610730744038,48.031500094960414,3.3135068093676168,1,1,-2.0996211131270255,-0.10196564048235285
student_464,11.272702779135695,51.14671334084985,7.958157946811521,1,1,-1.9291539960508235,0.42435979890942316
student_465,11.833430963948627,45.01880510612438,5.389214910474485,1,1,-1.8780547554090192,-0.03990305008368159
student_466,27.80205644484113,8.961245418087156,14.339416118976128,0,0,0.514275416169734,-0.7372381673607623
student_467,19.66072636782004,12.476398129844988,17.280167891068807,0,0,0.29646892473125863,-0.3196843129107062
student_468,28.97532481093377,20.034341274695183,18.25343874921921,0,0,0.45317687307453036,0.03199720699926222
student_469,8.267409719477339,34.99862024283404,5.230052158294835,1,1,-1.686369266978375,-0.43646372863084076
student_470,44.54593843650192,9.417005363739015,20.56889828195297,2,2,1.53573162091118,-0.23534397192706089
student_471,31.34330713341886,25.38003569299299,15.063934946015827,0,0,0.14684688108109029,-0.04018004599860031
student_472,8.80266444339175,44.7768258207075,2.244598453766295,1,1,-2.193888483317237,-0.31089741573273516
student_473,4.426023875126787,52.137013208091865,6.017450046459867,1,1,-2.345033299288822,0.3177030481222229
student_474,12.763743054731036,45.66102142848963,5.289735329315111,1,1,-1.87193937082322,-0.026164105178699305
student_475,8.155681404529245,47.85175481675334,3.217615549169425,1,1,-2.2543263309990147,-0.10402144404539525
student_476,7.33555631281787,47.54495081050102,8.042796995663844,1,1,-1.94833110289337,0.3024540815734878
student_477,27.545312750643173,18.875720090959607,13.04999225752962,0,0,0.08765866258444348,-0.4576002068553312
student_478,58.58483600709269,13.471289156391876,30.8808755261996,2,2,2.6136747167966017,0.7685864897437278
student_479,21.33008235291324,23.541072116282784,15.699648393790504,0,0,-0.11726392858674699,-0.025998249037250704
student_480,11.144615687767994,55.09277060657463,5.116702008570955,1,1,-2.2571793650731693,0.3350377749645992
student_481,26.276078966367365,19.83385004677769,14.37564942818238,0,0,0.09862856840845884,-0.3016171024943895
student_482,43.39054936819196,17.57174411954664,9.121829321727768,0,0,0.44849238876390796,-0.8976982233100843
student_483,55.128545525103576,12.90837160158021,27.135971809358423,2,2,2.2523254711371328,0.4345694353293206
student_484,15.520651404525973,44.03621206350308,3.112298589152565,1,1,-1.8635373375122988,-0.2865085043412964
student_485,42.337894223129496,14.177395900192987,23.749767427005235,2,2,1.5109091547460822,0.23309633553910075
student_486,37.264844499346935,7.920439518290742,15.821711835689817,2,0,0.997087982072272,-0.680370710520817
student_487,13.51373736796463,58.26036963473326,7.253410273655167,1,1,-2.1311648689200515,0.6363196305340165
student_488,28.733725449873948,13.927703596236691,12.106787236164925,0,0,0.2323823671894562,-0.7372974280595651
student_489,27.849216822040816,26.55154373059804,19.18705143236987,0,0,0.25785540181320493,0.372392748556938
student_490,29.246970402815784,16.431230718646745,18.330907085948294,0,0,0.5883554427969764,-0.10391036065625599
student_491,6.449781435200406,40.12520902496063,3.8150714816942113,1,1,-2.019477071058188,-0.3510325848669038
student_492,63.23971494685237,8.613711944045805,24.770149960414276,2,2,2.5338109434814626,0.03601065205969673
student_493,24.26667642739548,22.7314212400185,15.019266809432814,0,0,-0.02826431053551467,-0.12579738234473226
student_494,24.50927260984577,18.19094330383716,9.588655734665466,0,0,-0.23502208954839646,-0.7732971826569744
student_495,47.51508901120698,12.090863213532206,23.33090255121995,2,2,1.742491400655293,0.09851898762484067
student_496,5.38100044218004,38.10978376039765,6.05791587278504,1,1,-1.8401825187432366,-0.23358214902987626
student_497,19.80519361497292,28.66257499742546,21.6939004385779,0,0,0.061063292658142074,0.6970047367400684
student_498,48.46590786200857,13.683162631417536,19.682989967145247,2,2,1.4780316399160207,-0.15632238978599072
student_499,25.63295182956096,19.15928090707605,13.58372826690862,0,0,0.04393788424317345,-0.3943797700379304
